
-- ---------------------
-- App Setting Data
-- ---------------------
INSERT INTO `app_settings`(`id`, `key`, `label`, `value`, `description`) VALUES (1, 'logo', 'Logo', '/src/assets/images/logo.png', 'this logo for app');
INSERT INTO `app_settings`(`id`, `key`, `label`, `value`, `description`) VALUES (3, 'name_en', 'Intitute Name En', 'AVEC', NULL);
INSERT INTO `app_settings`(`id`, `key`, `label`, `value`, `description`) VALUES (2, 'name_kh', 'Intitute Name Kh', 'អង្គការ', NULL);

-- ---------------------
-- Student Data
-- ---------------------
INSERT INTO `students` (`id`, `code`, `first_name`, `last_name`, `first_name_latin`, `last_name_latin`, `gender`, `dob`, `village_birth`, `commune_birth`, `district_birth`, `province_birth`, `d_first_name`, `d_last_name`, `d_job`, `d_phone_number`, `m_first_name`, `m_last_name`, `m_job`, `m_phone_number`, `village`, `commune`, `district`, `province`, `phone`, `student_status`, `from`, `photo_path`, `other`, `status`, `g_first_name`, `g_last_name`, `g_phone_number`, `g_job`, `g_gender`, `g_detail`, `created_by`, `updated_by`, `deleted_at`, `created_at`, `updated_at`) VALUES ('1199c7e1-2ebe-4151-8121-07cd8c3b7c78', '001', 'សី', 'ចន', 'sey', 'john', 1, '2009-12-30', 'ហប់', 'ហប់', 'គាស់ក្រឡ', 'បាត់ដំបង', 'ចន', 'ហេង', 'Admin officer', '098080878', 'មារី', 'រឿន', 'Admin officer', '098080878', 'ហប់', 'ហប់', 'គាស់ក្រឡ', 'បាត់ដំបង', '09898974', 1, 'btb', NULL, 'good health', 1, 'ចន', 'ហេង', '098080878', 'Admin officer', NULL, 'father', '6a0652a1-c83f-4233-9bdb-85ce5851dca7', '6a0652a1-c83f-4233-9bdb-85ce5851dca7', NULL, '2024-05-20 04:21:34', '2024-05-20 04:21:34');
INSERT INTO `students` (`id`, `code`, `first_name`, `last_name`, `first_name_latin`, `last_name_latin`, `gender`, `dob`, `village_birth`, `commune_birth`, `district_birth`, `province_birth`, `d_first_name`, `d_last_name`, `d_job`, `d_phone_number`, `m_first_name`, `m_last_name`, `m_job`, `m_phone_number`, `village`, `commune`, `district`, `province`, `phone`, `student_status`, `from`, `photo_path`, `other`, `status`, `g_first_name`, `g_last_name`, `g_phone_number`, `g_job`, `g_gender`, `g_detail`, `created_by`, `updated_by`, `deleted_at`, `created_at`, `updated_at`) VALUES ('20c1eec3-b445-43c8-a12f-e9344ef7bc2f', '007', 'សេរ៉ា', 'ឡេង', 'SERA', 'LENG', 2, '2000-02-11', 'អូរដំបង', 'អូរដំបង', 'បប', 'បប', NULL, NULL, NULL, NULL, NULL, NULL, NULL, NULL, 'អូរដំបង', 'អូរដំបង', 'បប', 'បប', '0', NULL, NULL, NULL, NULL, 1, NULL, NULL, NULL, NULL, NULL, NULL, '6a0652a1-c83f-4233-9bdb-85ce5851dca7', NULL, NULL, '2024-06-04 15:04:47', '2024-06-04 15:04:47');
INSERT INTO `students` (`id`, `code`, `first_name`, `last_name`, `first_name_latin`, `last_name_latin`, `gender`, `dob`, `village_birth`, `commune_birth`, `district_birth`, `province_birth`, `d_first_name`, `d_last_name`, `d_job`, `d_phone_number`, `m_first_name`, `m_last_name`, `m_job`, `m_phone_number`, `village`, `commune`, `district`, `province`, `phone`, `student_status`, `from`, `photo_path`, `other`, `status`, `g_first_name`, `g_last_name`, `g_phone_number`, `g_job`, `g_gender`, `g_detail`, `created_by`, `updated_by`, `deleted_at`, `created_at`, `updated_at`) VALUES ('4542035f-3561-4b93-a10c-6e867b6122cc', '008', 'វឌ្ឍនាកា', 'ចាន់', 'VATANAKA', 'CHAN', 1, '2000-12-31', 'អូរដំបង', 'អូរដំបង', 'បប', 'បប', NULL, NULL, NULL, NULL, NULL, NULL, NULL, NULL, 'អូរដំបង', 'អូរដំបង', 'បប', 'បប', '0', NULL, NULL, NULL, NULL, 1, NULL, NULL, NULL, NULL, NULL, NULL, '6a0652a1-c83f-4233-9bdb-85ce5851dca7', NULL, NULL, '2024-06-04 15:10:29', '2024-06-04 15:10:29');
INSERT INTO `students` (`id`, `code`, `first_name`, `last_name`, `first_name_latin`, `last_name_latin`, `gender`, `dob`, `village_birth`, `commune_birth`, `district_birth`, `province_birth`, `d_first_name`, `d_last_name`, `d_job`, `d_phone_number`, `m_first_name`, `m_last_name`, `m_job`, `m_phone_number`, `village`, `commune`, `district`, `province`, `phone`, `student_status`, `from`, `photo_path`, `other`, `status`, `g_first_name`, `g_last_name`, `g_phone_number`, `g_job`, `g_gender`, `g_detail`, `created_by`, `updated_by`, `deleted_at`, `created_at`, `updated_at`) VALUES ('7383104f-e7e9-4fc9-9aff-9959d2dc2fa7', '013', 'អាំង', 'មឹក', 'ANG', 'MEK', 2, '2000-09-09', 'ដូនទាវ', 'ដូនទាវ', 'បប', 'បប', NULL, NULL, NULL, NULL, NULL, NULL, NULL, NULL, 'ដូនទាវ', 'ដូនទាវ', 'បប', 'បប', '0', NULL, NULL, NULL, NULL, 1, NULL, NULL, NULL, NULL, NULL, NULL, '6a0652a1-c83f-4233-9bdb-85ce5851dca7', NULL, NULL, '2024-06-17 15:45:18', '2024-06-17 15:45:18');
INSERT INTO `students` (`id`, `code`, `first_name`, `last_name`, `first_name_latin`, `last_name_latin`, `gender`, `dob`, `village_birth`, `commune_birth`, `district_birth`, `province_birth`, `d_first_name`, `d_last_name`, `d_job`, `d_phone_number`, `m_first_name`, `m_last_name`, `m_job`, `m_phone_number`, `village`, `commune`, `district`, `province`, `phone`, `student_status`, `from`, `photo_path`, `other`, `status`, `g_first_name`, `g_last_name`, `g_phone_number`, `g_job`, `g_gender`, `g_detail`, `created_by`, `updated_by`, `deleted_at`, `created_at`, `updated_at`) VALUES ('73f0df98-3935-4f48-bbd4-301f695296b6', '002', 'វិរៈ', 'ឆាយ', 'vireak', 'chay', 1, '2009-12-30', 'ហប់', 'ហប់', 'គាស់ក្រឡ', 'បាត់ដំបង', 'ឆាយ', 'ជា', 'Admin officer', '098080878', 'ធីតា', 'សឹម', 'Admin officer', '098080878', 'ហប់', 'ហប់', 'គាស់ក្រឡ', 'បាត់ដំបង', '09898974', 1, 'btb', NULL, 'good health', 1, 'ធីតា', 'សឹម', '098080878', 'Admin officer', NULL, 'father', '6a0652a1-c83f-4233-9bdb-85ce5851dca7', '6a0652a1-c83f-4233-9bdb-85ce5851dca7', NULL, '2024-05-20 04:21:34', '2024-05-20 04:21:34');
INSERT INTO `students` (`id`, `code`, `first_name`, `last_name`, `first_name_latin`, `last_name_latin`, `gender`, `dob`, `village_birth`, `commune_birth`, `district_birth`, `province_birth`, `d_first_name`, `d_last_name`, `d_job`, `d_phone_number`, `m_first_name`, `m_last_name`, `m_job`, `m_phone_number`, `village`, `commune`, `district`, `province`, `phone`, `student_status`, `from`, `photo_path`, `other`, `status`, `g_first_name`, `g_last_name`, `g_phone_number`, `g_job`, `g_gender`, `g_detail`, `created_by`, `updated_by`, `deleted_at`, `created_at`, `updated_at`) VALUES ('a62dc907-f008-4959-a090-01b2ea3c1d10', '011', 'តេវ', 'ដា', 'TEV', 'DA', 1, '2002-11-11', 'កាប់គោ', 'កាប់គោ', 'បប', 'បប', NULL, NULL, NULL, NULL, NULL, NULL, NULL, NULL, 'កាប់គោ', 'កាប់គោ', 'បប', 'បប', '0', NULL, NULL, NULL, NULL, 1, NULL, NULL, NULL, NULL, NULL, NULL, '6a0652a1-c83f-4233-9bdb-85ce5851dca7', NULL, NULL, '2024-06-17 15:42:31', '2024-06-17 15:42:31');
INSERT INTO `students` (`id`, `code`, `first_name`, `last_name`, `first_name_latin`, `last_name_latin`, `gender`, `dob`, `village_birth`, `commune_birth`, `district_birth`, `province_birth`, `d_first_name`, `d_last_name`, `d_job`, `d_phone_number`, `m_first_name`, `m_last_name`, `m_job`, `m_phone_number`, `village`, `commune`, `district`, `province`, `phone`, `student_status`, `from`, `photo_path`, `other`, `status`, `g_first_name`, `g_last_name`, `g_phone_number`, `g_job`, `g_gender`, `g_detail`, `created_by`, `updated_by`, `deleted_at`, `created_at`, `updated_at`) VALUES ('a94c218e-5f55-48e7-b69d-fa18d64f48eb', '004', 'តុលា', 'តយ', 'Tola', 'TOY', 1, '2000-01-22', 'កាប់គោ', 'អូរចារ', 'បប', 'បប', 'ជា', 'តយ', NULL, NULL, 'បុផ្ផា', 'រឿន', NULL, NULL, 'កាប់គោ', 'អូរចារ', 'បប', 'បប', '0', NULL, NULL, NULL, NULL, 1, NULL, NULL, NULL, NULL, NULL, NULL, '6a0652a1-c83f-4233-9bdb-85ce5851dca7', '6a0652a1-c83f-4233-9bdb-85ce5851dca7', NULL, '2024-06-04 04:06:35', '2024-06-04 04:07:24');
INSERT INTO `students` (`id`, `code`, `first_name`, `last_name`, `first_name_latin`, `last_name_latin`, `gender`, `dob`, `village_birth`, `commune_birth`, `district_birth`, `province_birth`, `d_first_name`, `d_last_name`, `d_job`, `d_phone_number`, `m_first_name`, `m_last_name`, `m_job`, `m_phone_number`, `village`, `commune`, `district`, `province`, `phone`, `student_status`, `from`, `photo_path`, `other`, `status`, `g_first_name`, `g_last_name`, `g_phone_number`, `g_job`, `g_gender`, `g_detail`, `created_by`, `updated_by`, `deleted_at`, `created_at`, `updated_at`) VALUES ('bd50ed81-4d73-4d35-907a-e311374cbd05', '009', 'ចន្ធា', 'សៀង', 'CHANTHEA', 'SEANG', 2, '1998-09-09', 'កម្មករ', 'កម្មករ', 'បប', 'បប', NULL, NULL, NULL, NULL, NULL, NULL, NULL, NULL, 'កម្មករ', 'កម្មករ', 'បប', 'បប', '0', NULL, NULL, NULL, NULL, 1, NULL, NULL, NULL, NULL, NULL, NULL, '6a0652a1-c83f-4233-9bdb-85ce5851dca7', NULL, NULL, '2024-06-04 15:20:46', '2024-06-04 15:20:46');
INSERT INTO `students` (`id`, `code`, `first_name`, `last_name`, `first_name_latin`, `last_name_latin`, `gender`, `dob`, `village_birth`, `commune_birth`, `district_birth`, `province_birth`, `d_first_name`, `d_last_name`, `d_job`, `d_phone_number`, `m_first_name`, `m_last_name`, `m_job`, `m_phone_number`, `village`, `commune`, `district`, `province`, `phone`, `student_status`, `from`, `photo_path`, `other`, `status`, `g_first_name`, `g_last_name`, `g_phone_number`, `g_job`, `g_gender`, `g_detail`, `created_by`, `updated_by`, `deleted_at`, `created_at`, `updated_at`) VALUES ('cbf6c3d8-70e7-4e43-bd31-dd0a2d3b161e', '012', 'ហេវបាយ', 'ហៀង', 'HEVBAY', 'HEANG', 2, '2002-09-09', 'បឹងរាំង', 'បឹងរាំង', 'បប', 'បប', NULL, NULL, NULL, NULL, NULL, NULL, NULL, NULL, 'បឹងរាំង', 'បឹងរាំង', 'បប', 'បប', '0', NULL, NULL, NULL, NULL, 1, NULL, NULL, NULL, NULL, NULL, NULL, '6a0652a1-c83f-4233-9bdb-85ce5851dca7', NULL, NULL, '2024-06-17 15:43:52', '2024-06-17 15:43:52');
INSERT INTO `students` (`id`, `code`, `first_name`, `last_name`, `first_name_latin`, `last_name_latin`, `gender`, `dob`, `village_birth`, `commune_birth`, `district_birth`, `province_birth`, `d_first_name`, `d_last_name`, `d_job`, `d_phone_number`, `m_first_name`, `m_last_name`, `m_job`, `m_phone_number`, `village`, `commune`, `district`, `province`, `phone`, `student_status`, `from`, `photo_path`, `other`, `status`, `g_first_name`, `g_last_name`, `g_phone_number`, `g_job`, `g_gender`, `g_detail`, `created_by`, `updated_by`, `deleted_at`, `created_at`, `updated_at`) VALUES ('e8af7126-125d-440a-ba5a-1cbb58cdc901', '010', 'សារឿន', 'ប៉យ', 'SAREARN', 'BOUY', 2, '2000-09-09', '២០ឧសភា', '២០ឧសភា', 'បប', 'បប', NULL, NULL, NULL, NULL, NULL, NULL, NULL, NULL, '២០ឧសភា', '២០ឧសភា', 'បប', 'បប', '0', NULL, NULL, NULL, NULL, 1, NULL, NULL, NULL, NULL, NULL, NULL, '6a0652a1-c83f-4233-9bdb-85ce5851dca7', NULL, NULL, '2024-06-04 15:22:31', '2024-06-04 15:22:31');
INSERT INTO `students` (`id`, `code`, `first_name`, `last_name`, `first_name_latin`, `last_name_latin`, `gender`, `dob`, `village_birth`, `commune_birth`, `district_birth`, `province_birth`, `d_first_name`, `d_last_name`, `d_job`, `d_phone_number`, `m_first_name`, `m_last_name`, `m_job`, `m_phone_number`, `village`, `commune`, `district`, `province`, `phone`, `student_status`, `from`, `photo_path`, `other`, `status`, `g_first_name`, `g_last_name`, `g_phone_number`, `g_job`, `g_gender`, `g_detail`, `created_by`, `updated_by`, `deleted_at`, `created_at`, `updated_at`) VALUES ('ebc665e5-731e-4ba7-bf1c-7d5a214a5648', '006', 'ម៉ក់', 'លី', 'MORK', 'LY', 1, '2002-11-02', 'អូរចារ', 'អូរចារ', 'បប', 'បប', 'កយ', 'ម៉ក', NULL, NULL, 'ផង', 'លក្ខណា', NULL, NULL, 'អូរចារ', 'អូរចារ', 'បប', 'បប', '01292841', NULL, NULL, NULL, NULL, 1, NULL, NULL, NULL, NULL, NULL, NULL, '6a0652a1-c83f-4233-9bdb-85ce5851dca7', '6a0652a1-c83f-4233-9bdb-85ce5851dca7', NULL, '2024-05-26 15:45:02', '2024-06-04 14:40:50');
INSERT INTO `students` (`id`, `code`, `first_name`, `last_name`, `first_name_latin`, `last_name_latin`, `gender`, `dob`, `village_birth`, `commune_birth`, `district_birth`, `province_birth`, `d_first_name`, `d_last_name`, `d_job`, `d_phone_number`, `m_first_name`, `m_last_name`, `m_job`, `m_phone_number`, `village`, `commune`, `district`, `province`, `phone`, `student_status`, `from`, `photo_path`, `other`, `status`, `g_first_name`, `g_last_name`, `g_phone_number`, `g_job`, `g_gender`, `g_detail`, `created_by`, `updated_by`, `deleted_at`, `created_at`, `updated_at`) VALUES ('ed0e3b9c-a80d-41d8-a9f0-f5e945b8f279', '005', 'សំនេត', 'ធី', 'SOMNET', 'THY', 1, '1999-12-31', 'សំរោង២', 'សំរោង២', 'បប', 'បប', NULL, NULL, NULL, NULL, NULL, NULL, NULL, NULL, 'សំរោង២', 'សំរោង២', 'បប', 'បប', '0', NULL, NULL, NULL, NULL, 1, NULL, NULL, NULL, NULL, NULL, NULL, '6a0652a1-c83f-4233-9bdb-85ce5851dca7', NULL, NULL, '2024-06-04 14:40:37', '2024-06-04 14:40:37');
INSERT INTO `students` (`id`, `code`, `first_name`, `last_name`, `first_name_latin`, `last_name_latin`, `gender`, `dob`, `village_birth`, `commune_birth`, `district_birth`, `province_birth`, `d_first_name`, `d_last_name`, `d_job`, `d_phone_number`, `m_first_name`, `m_last_name`, `m_job`, `m_phone_number`, `village`, `commune`, `district`, `province`, `phone`, `student_status`, `from`, `photo_path`, `other`, `status`, `g_first_name`, `g_last_name`, `g_phone_number`, `g_job`, `g_gender`, `g_detail`, `created_by`, `updated_by`, `deleted_at`, `created_at`, `updated_at`) VALUES ('f89276e2-2d2f-4f9a-ba9d-ebcbad908a8d', '003', 'រ៉ា', 'ដឿន', 'RA', 'DOUEN', 2, '1999-12-31', '្ហ', 'ហក្', 'ហ', 'ហ', NULL, NULL, NULL, NULL, NULL, NULL, NULL, NULL, 'ក្ហ', 'ហ', 'ក្', 'ក', '097642512', NULL, NULL, NULL, NULL, 1, NULL, NULL, NULL, NULL, NULL, NULL, '6a0652a1-c83f-4233-9bdb-85ce5851dca7', NULL, NULL, '2024-06-04 04:16:13', '2024-06-04 04:16:13');

-- ---------------------
-- Teachers Data
-- ---------------------
INSERT INTO .`teachers` (`id`, `code`, `name`, `name_latin`, `sex`, `dob`, `photo_path`, `pob`, `address`, `position`, `phone`, `created_by`, `updated_by`, `deleted_at`, `created_at`, `updated_at`) VALUES ('87bdecf3-1b6a-11ef-a21e-047c163993b6', '01', 'ដួង ដាលីន', 'Doung Dalin', 2, '1998-05-15', NULL, 'បាត់ដំបង', 'បាត់ដំបង', 'ABCD', '098 78 66 89', NULL, '6a0652a1-c83f-4233-9bdb-85ce5851dca7', NULL, NULL, '2024-08-13 02:39:04');
INSERT INTO .`teachers` (`id`, `code`, `name`, `name_latin`, `sex`, `dob`, `photo_path`, `pob`, `address`, `position`, `phone`, `created_by`, `updated_by`, `deleted_at`, `created_at`, `updated_at`) VALUES ('8aa5780f-29e2-414b-8a9a-3963fbe55cec', '02', 'រ៉ាហ្វាត់', 'RAFATZ', 1, NULL, NULL, 'BMC', NULL, 'asda', '0', '6a0652a1-c83f-4233-9bdb-85ce5851dca7', '6a0652a1-c83f-4233-9bdb-85ce5851dca7', NULL, '2024-05-26 14:16:38', '2024-08-13 02:39:39');
INSERT INTO .`teachers` (`id`, `code`, `name`, `name_latin`, `sex`, `dob`, `photo_path`, `pob`, `address`, `position`, `phone`, `created_by`, `updated_by`, `deleted_at`, `created_at`, `updated_at`) VALUES ('906c36ba-e8a9-4099-9731-483b445e1998', '03', 'សុផាត', 'SOPHAT', 1, NULL, NULL, NULL, NULL, 'asda', '0', '6a0652a1-c83f-4233-9bdb-85ce5851dca7', '6a0652a1-c83f-4233-9bdb-85ce5851dca7', NULL, '2024-06-04 15:31:22', '2024-06-04 15:41:34');
INSERT INTO .`teachers` (`id`, `code`, `name`, `name_latin`, `sex`, `dob`, `photo_path`, `pob`, `address`, `position`, `phone`, `created_by`, `updated_by`, `deleted_at`, `created_at`, `updated_at`) VALUES ('04a2c4d4-ddc7-459e-a339-f5d70a2cef6e', '04', 'ធីរា៉', 'THERA', 2, NULL, NULL, NULL, NULL, 'asdasd', '0', '6a0652a1-c83f-4233-9bdb-85ce5851dca7', '6a0652a1-c83f-4233-9bdb-85ce5851dca7', NULL, '2024-06-04 15:32:01', '2024-06-04 15:41:27');
INSERT INTO .`teachers` (`id`, `code`, `name`, `name_latin`, `sex`, `dob`, `photo_path`, `pob`, `address`, `position`, `phone`, `created_by`, `updated_by`, `deleted_at`, `created_at`, `updated_at`) VALUES ('e4d94812-f533-44b0-af86-6e824ec35ffc', '05', 'កញ្ញា', 'KANHA', 2, NULL, NULL, NULL, NULL, 'saas', '0', '6a0652a1-c83f-4233-9bdb-85ce5851dca7', '6a0652a1-c83f-4233-9bdb-85ce5851dca7', NULL, '2024-06-04 15:37:39', '2024-06-04 15:41:19');
INSERT INTO .`teachers` (`id`, `code`, `name`, `name_latin`, `sex`, `dob`, `photo_path`, `pob`, `address`, `position`, `phone`, `created_by`, `updated_by`, `deleted_at`, `created_at`, `updated_at`) VALUES ('e98d5181-edbf-4178-97cd-2c045b11226b', '0120', 'hada', 'dsq', 1, NULL, NULL, NULL, NULL, 'asda', NULL, '6a0652a1-c83f-4233-9bdb-85ce5851dca7', NULL, NULL, '2024-08-13 02:04:36', '2024-08-13 02:04:36');
INSERT INTO .`teachers` (`id`, `code`, `name`, `name_latin`, `sex`, `dob`, `photo_path`, `pob`, `address`, `position`, `phone`, `created_by`, `updated_by`, `deleted_at`, `created_at`, `updated_at`) VALUES ('a1ebc35e-302f-429b-a934-be2e16f59fc5', '11', 'ads', 'ds', 1, NULL, NULL, NULL, NULL, 'kscdsadc', NULL, '6a0652a1-c83f-4233-9bdb-85ce5851dca7', NULL, '2024-08-13 02:42:24', '2024-08-13 02:05:06', '2024-08-13 02:42:24');
INSERT INTO .`teachers` (`id`, `code`, `name`, `name_latin`, `sex`, `dob`, `photo_path`, `pob`, `address`, `position`, `phone`, `created_by`, `updated_by`, `deleted_at`, `created_at`, `updated_at`) VALUES ('4e921b07-7605-4208-abce-a2d1a7f470f6', '123', 'sda', 'dfq', 1, NULL, NULL, NULL, NULL, 'Beysach', NULL, '6a0652a1-c83f-4233-9bdb-85ce5851dca7', '6a0652a1-c83f-4233-9bdb-85ce5851dca7', NULL, '2024-08-13 02:21:32', '2024-08-13 02:40:34');
INSERT INTO .`teachers` (`id`, `code`, `name`, `name_latin`, `sex`, `dob`, `photo_path`, `pob`, `address`, `position`, `phone`, `created_by`, `updated_by`, `deleted_at`, `created_at`, `updated_at`) VALUES ('5f2b9d47-ab1a-42d6-8224-5d404c39e83c', '007', 'ទិនហ្វី', 'Tinfy', 1, '2022-01-20', NULL, 'BTB', NULL, 'ស្តេចល្បែងម៉ាកាវ', '095422518', '6a0652a1-c83f-4233-9bdb-85ce5851dca7', '6a0652a1-c83f-4233-9bdb-85ce5851dca7', NULL, '2024-08-13 02:41:37', '2024-08-13 02:41:59');

-- ---------------------
-- Room Data
-- ---------------------
INSERT INTO `rooms` (`id`, `room`, `created_by`, `updated_by`, `created_at`, `updated_at`) VALUES (3, 'Room 1', '6a0652a1-c83f-4233-9bdb-85ce5851dca7', '6a0652a1-c83f-4233-9bdb-85ce5851dca7', '2024-06-01 07:47:16', '2024-06-03 09:54:32');
INSERT INTO `rooms` (`id`, `room`, `created_by`, `updated_by`, `created_at`, `updated_at`) VALUES (4, 'Room 2', '6a0652a1-c83f-4233-9bdb-85ce5851dca7', NULL, '2024-06-04 15:41:50', '2024-06-04 15:41:50');
INSERT INTO `rooms` (`id`, `room`, `created_by`, `updated_by`, `created_at`, `updated_at`) VALUES (5, 'Room 3', '6a0652a1-c83f-4233-9bdb-85ce5851dca7', NULL, '2024-06-04 15:42:29', '2024-06-04 15:42:29');
INSERT INTO `rooms` (`id`, `room`, `created_by`, `updated_by`, `created_at`, `updated_at`) VALUES (6, 'Room 4', '6a0652a1-c83f-4233-9bdb-85ce5851dca7', NULL, '2024-06-04 15:42:40', '2024-06-04 15:42:40');
INSERT INTO `rooms` (`id`, `room`, `created_by`, `updated_by`, `created_at`, `updated_at`) VALUES (7, 'Room 5', '6a0652a1-c83f-4233-9bdb-85ce5851dca7', NULL, '2024-06-04 15:42:49', '2024-06-04 15:42:49');
INSERT INTO `rooms` (`id`, `room`, `created_by`, `updated_by`, `created_at`, `updated_at`) VALUES (8, 'Room 6', '6a0652a1-c83f-4233-9bdb-85ce5851dca7', NULL, '2024-06-09 02:26:09', '2024-06-09 02:26:09');

-- ---------------------
-- Level Data
-- ---------------------
INSERT INTO `levels` (`id`, `level`, `created_by`, `updated_by`, `created_at`, `updated_at`) VALUES (1, 'Level 1', '6a0652a1-c83f-4233-9bdb-85ce5851dca7', NULL, '2024-05-29 10:09:02', '2024-05-31 03:08:11');
INSERT INTO `levels` (`id`, `level`, `created_by`, `updated_by`, `created_at`, `updated_at`) VALUES (2, 'Level 2', '6a0652a1-c83f-4233-9bdb-85ce5851dca7', NULL, '2024-05-29 10:08:58', '2024-05-31 03:08:11');
INSERT INTO `levels` (`id`, `level`, `created_by`, `updated_by`, `created_at`, `updated_at`) VALUES (3, 'Level 3', '6a0652a1-c83f-4233-9bdb-85ce5851dca7', NULL, '2024-05-30 10:08:53', '2024-05-31 03:08:11');
INSERT INTO `levels` (`id`, `level`, `created_by`, `updated_by`, `created_at`, `updated_at`) VALUES (4, 'Level 4', '6a0652a1-c83f-4233-9bdb-85ce5851dca7', NULL, '2024-05-31 03:08:11', '2024-05-31 03:08:11');
INSERT INTO `levels` (`id`, `level`, `created_by`, `updated_by`, `created_at`, `updated_at`) VALUES (5, 'level 5', '6a0652a1-c83f-4233-9bdb-85ce5851dca7', NULL, '2024-06-09 02:15:36', '2024-06-09 02:15:36');

-- ---------------------
-- Time Data
-- ---------------------

INSERT INTO `times` (`id`, `time`, `created_by`, `updated_by`, `created_at`, `updated_at`) VALUES (1, '1-2', NULL, NULL, NULL, NULL);
INSERT INTO `times` (`id`, `time`, `created_by`, `updated_by`, `created_at`, `updated_at`) VALUES (2, '2-3', NULL, NULL, NULL, NULL);
INSERT INTO `times` (`id`, `time`, `created_by`, `updated_by`, `created_at`, `updated_at`) VALUES (3, '3-4', NULL, NULL, NULL, NULL);
INSERT INTO `times` (`id`, `time`, `created_by`, `updated_by`, `created_at`, `updated_at`) VALUES (4, '4-5', NULL, NULL, NULL, NULL);
INSERT INTO `times` (`id`, `time`, `created_by`, `updated_by`, `created_at`, `updated_at`) VALUES (5, '5-6', NULL, NULL, NULL, NULL);
INSERT INTO `times` (`id`, `time`, `created_by`, `updated_by`, `created_at`, `updated_at`) VALUES (6, '6-7', NULL, NULL, NULL, NULL);
INSERT INTO `times` (`id`, `time`, `created_by`, `updated_by`, `created_at`, `updated_at`) VALUES (7, '7-8', NULL, NULL, NULL, NULL);


-- ---------------------
-- Academic Year
-- ---------------------
INSERT INTO `academic_years` (`id`, `name`, `start_date`, `end_date`, `is_active`, `created_by`, `updated_by`, `deleted_at`, `created_at`, `updated_at`) VALUES (1, 'term 1 2024', '2024-01-01', '2024-03-29', 1, NULL, '6a0652a1-c83f-4233-9bdb-85ce5851dca7', NULL, NULL, '2024-06-04 15:45:05');
INSERT INTO `academic_years` (`id`, `name`, `start_date`, `end_date`, `is_active`, `created_by`, `updated_by`, `deleted_at`, `created_at`, `updated_at`) VALUES (2, 'term 2 2024', '2023-06-12', '2024-11-04', 0, '6a0652a1-c83f-4233-9bdb-85ce5851dca7', '6a0652a1-c83f-4233-9bdb-85ce5851dca7', NULL, '2024-06-04 15:43:37', '2024-06-04 15:44:17');
INSERT INTO `academic_years` (`id`, `name`, `start_date`, `end_date`, `is_active`, `created_by`, `updated_by`, `deleted_at`, `created_at`, `updated_at`) VALUES (3, 'term 3 2025', '2024-02-11', '2025-06-07', 0, '6a0652a1-c83f-4233-9bdb-85ce5851dca7', '6a0652a1-c83f-4233-9bdb-85ce5851dca7', NULL, '2024-06-04 15:44:17', '2024-06-04 15:45:05');
INSERT INTO `academic_years` (`id`, `name`, `start_date`, `end_date`, `is_active`, `created_by`, `updated_by`, `deleted_at`, `created_at`, `updated_at`) VALUES (4, 'term 4 2025', '2024-08-21', '2025-12-04', 0, '6a0652a1-c83f-4233-9bdb-85ce5851dca7', NULL, NULL, '2024-06-04 15:44:46', '2024-06-04 15:44:46');

-- ---------------------
-- Academic Class
-- ---------------------

INSERT INTO `academic_classes` (`id`, `type`, `name`, `teacher_id`, `room_id`, `time_id`, `level_id`, `academic_year_id`, `created_by`, `updated_by`, `deleted_at`, `created_at`, `updated_at`) VALUES ('24325bd4-3602-4e55-ae3d-b99f50c7fcd1', 1, '12D', 'e4d94812-f533-44b0-af86-6e824ec35ffc', 3, 4, 2, 2, '6a0652a1-c83f-4233-9bdb-85ce5851dca7', NULL, NULL, '2024-06-09 02:33:35', '2024-06-09 02:33:35');
INSERT INTO `academic_classes` (`id`, `type`, `name`, `teacher_id`, `room_id`, `time_id`, `level_id`, `academic_year_id`, `created_by`, `updated_by`, `deleted_at`, `created_at`, `updated_at`) VALUES ('35d66b99-1dfa-443d-a9f7-b7bd615fe6d9', 2, '111', '906c36ba-e8a9-4099-9731-483b445e1998', 5, 2, 4, 1, '6a0652a1-c83f-4233-9bdb-85ce5851dca7', NULL, NULL, '2024-06-15 08:55:15', '2024-06-15 08:55:15');
INSERT INTO `academic_classes` (`id`, `type`, `name`, `teacher_id`, `room_id`, `time_id`, `level_id`, `academic_year_id`, `created_by`, `updated_by`, `deleted_at`, `created_at`, `updated_at`) VALUES ('56e55ce5-e9c4-42f7-8a09-aa7fcba83e8b', 1, '12', '87bdecf3-1b6a-11ef-a21e-047c163993b6', 5, 4, 1, 3, '6a0652a1-c83f-4233-9bdb-85ce5851dca7', NULL, NULL, '2024-06-09 02:59:34', '2024-06-09 02:59:34');
INSERT INTO `academic_classes` (`id`, `type`, `name`, `teacher_id`, `room_id`, `time_id`, `level_id`, `academic_year_id`, `created_by`, `updated_by`, `deleted_at`, `created_at`, `updated_at`) VALUES ('63e05a6f-49b7-4572-8af7-1c85d013c27b', 1, '1A', '8aa5780f-29e2-414b-8a9a-3963fbe55cec', 4, 5, 3, 2, '6a0652a1-c83f-4233-9bdb-85ce5851dca7', NULL, NULL, '2024-06-05 09:36:52', '2024-06-05 09:36:52');
INSERT INTO `academic_classes` (`id`, `type`, `name`, `teacher_id`, `room_id`, `time_id`, `level_id`, `academic_year_id`, `created_by`, `updated_by`, `deleted_at`, `created_at`, `updated_at`) VALUES ('7328a5a5-91af-4efd-b43f-941f0486aa44', 1, '10', '87bdecf3-1b6a-11ef-a21e-047c163993b6', 6, 6, 5, 3, '6a0652a1-c83f-4233-9bdb-85ce5851dca7', NULL, NULL, '2024-06-09 02:57:50', '2024-06-09 02:57:50');
INSERT INTO `academic_classes` (`id`, `type`, `name`, `teacher_id`, `room_id`, `time_id`, `level_id`, `academic_year_id`, `created_by`, `updated_by`, `deleted_at`, `created_at`, `updated_at`) VALUES ('9594695b-d0d6-42e6-8444-c603dcf64f08', 2, '10F', '8aa5780f-29e2-414b-8a9a-3963fbe55cec', 4, 2, 5, 1, '6a0652a1-c83f-4233-9bdb-85ce5851dca7', NULL, NULL, '2024-06-15 08:48:58', '2024-06-15 08:48:58');
INSERT INTO `academic_classes` (`id`, `type`, `name`, `teacher_id`, `room_id`, `time_id`, `level_id`, `academic_year_id`, `created_by`, `updated_by`, `deleted_at`, `created_at`, `updated_at`) VALUES ('9ac5bfcb-7120-4e3b-8cdc-079c1a7c635d', 1, '12D', '04a2c4d4-ddc7-459e-a339-f5d70a2cef6e', 7, 3, 6, 1, '6a0652a1-c83f-4233-9bdb-85ce5851dca7', '6a0652a1-c83f-4233-9bdb-85ce5851dca7', NULL, '2024-06-07 07:24:24', '2024-06-15 08:19:38');
INSERT INTO `academic_classes` (`id`, `type`, `name`, `teacher_id`, `room_id`, `time_id`, `level_id`, `academic_year_id`, `created_by`, `updated_by`, `deleted_at`, `created_at`, `updated_at`) VALUES ('a26b1721-b824-4171-a475-a1e0da271f85', 1, '111', '87bdecf3-1b6a-11ef-a21e-047c163993b6', 8, 4, 5, 3, '6a0652a1-c83f-4233-9bdb-85ce5851dca7', NULL, NULL, '2024-06-09 02:54:39', '2024-06-09 02:54:39');
INSERT INTO `academic_classes` (`id`, `type`, `name`, `teacher_id`, `room_id`, `time_id`, `level_id`, `academic_year_id`, `created_by`, `updated_by`, `deleted_at`, `created_at`, `updated_at`) VALUES ('b90acca3-b4a1-46e7-a15e-8d94fe34a574', 3, '9D', '87bdecf3-1b6a-11ef-a21e-047c163993b6', 3, 7, 6, 4, '6a0652a1-c83f-4233-9bdb-85ce5851dca7', NULL, NULL, '2024-06-09 03:17:49', '2024-06-09 03:17:49');
INSERT INTO `academic_classes` (`id`, `type`, `name`, `teacher_id`, `room_id`, `time_id`, `level_id`, `academic_year_id`, `created_by`, `updated_by`, `deleted_at`, `created_at`, `updated_at`) VALUES ('ed1a6dc7-af57-4c16-8bb5-61c3102c555a', 2, 'ds', '87bdecf3-1b6a-11ef-a21e-047c163993b6', 6, 7, 5, 1, '6a0652a1-c83f-4233-9bdb-85ce5851dca7', NULL, NULL, '2024-05-26 14:17:21', '2024-05-26 14:17:21');
